The perfect ice - Ice boats on Lake Geneva,99999
Emily Blunt and James McAvoy Explain a Typical British Day | Vanity Fair,999933
DIY STUDY HACKS! How To Be PRODUCTIVE After School + Study Tips to Get BETTER GRADES!,999910
Justin Timberlake - Say Something (Official Video) ft. Chris Stapleton,9998724
10 Ways to Tell If You're OBSESSED with Christmas!! Alisha Marie,999867
"NBA All-Star Celebrity Game 2018! Justin Bieber, Quavo MVP, Rachel 2K",999818
Allison Janney Demonstrates Meryl Streep's Secret Kissing Technique | The Graham Norton Show,999770
MY EVERYDAY MAKEUP ROUTINE,999640
Trevor Chats with a French Audience Member | The Daily Show,999619
Why We  Should Not Watch Quite so Much News,99959
